{
  "frequency": 921955465.0854058,
  "spreading_factor": 9.813523320647844,
  "log_distance": 3.0331308489785855,
  "log_distance_3d": 3.038200947495099,
  "delta_lat": -0.003425787675569895,
  "delta_lon": -0.019241214799381387,
  "angle": 0.5665812496958984,
  "gw_elevation": 70.01964474724547,
  "delta_elevation": -70.2434335488093,
  "elevation_angle": -0.04392124932154565,
  "slope": 1.984915012496532,
  "roughness": 1.6817061102873498,
  "terrain_mean": 14.314797553930283,
  "terrain_std": 14.6557271657323,
  "terrain_min": 6.168282085809409,
  "terrain_max": 76.08876485201688,
  "fresnel_obstruction_ratio": 0.3497106975303868,
  "min_fresnel_clearance": -4.975324168835623,
  "mean_fresnel_clearance": 25.95063661145591,
  "residential_ratio": 0.029775013254924838
}