{
  "frequency": 921901851.6938305,
  "spreading_factor": 9.26811161361891,
  "log_distance": 2.846517696848867,
  "log_distance_3d": 2.854415879232995,
  "delta_lat": -0.002754822731318677,
  "delta_lon": -0.013330722141132446,
  "angle": 0.23347841924457494,
  "gw_elevation": 51.37164722834546,
  "delta_elevation": -50.84295326344684,
  "elevation_angle": -0.05396454016518323,
  "slope": 2.094436016766292,
  "roughness": 1.653517352997092,
  "terrain_mean": 13.449866378662318,
  "terrain_std": 10.623655298795336,
  "terrain_min": 7.156354149379779,
  "terrain_max": 57.92254201112036,
  "fresnel_obstruction_ratio": 0.29889402652057623,
  "min_fresnel_clearance": -3.8895339657324044,
  "mean_fresnel_clearance": 19.690688816251818,
  "residential_ratio": 0.01761432314781993,
  "stage1_rssi_dbm": -107.41289615154876
}