{
  "frequency": 921962100.9964533,
  "spreading_factor": 9.689832798513764,
  "log_distance": 3.0054810508164356,
  "log_distance_3d": 3.010020250297524,
  "delta_lat": -0.003794577803455835,
  "delta_lon": -0.01972858095474822,
  "angle": 0.24977212702765278,
  "gw_elevation": 66.23236501436341,
  "delta_elevation": -66.40896392095091,
  "elevation_angle": -0.03900841737986614,
  "slope": 1.9932555760058916,
  "roughness": 1.6721952743318673,
  "terrain_mean": 13.920356127765764,
  "terrain_std": 14.045521659438652,
  "terrain_min": 6.0941498127720815,
  "terrain_max": 73.05535121395708,
  "fresnel_obstruction_ratio": 0.3511313764337526,
  "min_fresnel_clearance": -4.9171464727352925,
  "mean_fresnel_clearance": 24.722631903821146,
  "residential_ratio": 0.028416921858796195
}