{
  "frequency": 921882837.9497561,
  "spreading_factor": 9.211465905953805,
  "log_distance": 2.844586470574275,
  "log_distance_3d": 2.8519582619133335,
  "delta_lat": -0.0038503191813153174,
  "delta_lon": -0.0140787635033181,
  "angle": 0.267964362875608,
  "gw_elevation": 55.48284591316047,
  "delta_elevation": -56.18428812321408,
  "elevation_angle": -0.05462097299049914,
  "slope": 2.0491272872858066,
  "roughness": 1.5505406728957585,
  "terrain_mean": 13.622718094213557,
  "terrain_std": 10.772459748473509,
  "terrain_min": 7.563986598085597,
  "terrain_max": 58.998441160970266,
  "fresnel_obstruction_ratio": 0.2531760461081818,
  "min_fresnel_clearance": -3.5650812830028786,
  "mean_fresnel_clearance": 21.021772179401125,
  "residential_ratio": 0.017469744655649187
}