{
  "rmse": 2.362102172380244,
  "mae": 1.4723111345202635,
  "r2": 0.9526311669147726,
  "rows_trained": 11299,
  "feature_count": 21
}