{
  "rmse": 2.784383693618802,
  "mae": 1.6949438437664017,
  "r2": 0.9437328613413797,
  "rows_trained": 10867,
  "feature_count": 21
}