{
  "rmse": 2.8651860957905853,
  "mae": 1.7481200001089812,
  "r2": 0.9446866941859983,
  "rows_trained": 11719,
  "feature_count": 22,
  "target_kind": "absolute"
}