{
  "rmse": 2.216053900136802,
  "mae": 1.3642578119116526,
  "r2": 0.9384483546391569,
  "rows_trained": 10520,
  "feature_count": 21
}