{
  "rmse": 2.5493262155371794,
  "mae": 1.5803151770071684,
  "r2": 0.9434581189177855,
  "rows_trained": 11842,
  "feature_count": 21
}